<?xml version="1.0" encoding="UTF-8"?>
<project-private xmlns="http://www.netbeans.org/ns/project-private/1">
    <editor-bookmarks xmlns="http://www.netbeans.org/ns/editor-bookmarks/2" lastBookmarkId="0"/>
    <open-files xmlns="http://www.netbeans.org/ns/projectui-open-files/2">
        <group>
            <file>file:/C:/Users/susan/OneDrive/Documentos/01_Universidad/06_Progra1/Proyecto/ProyectoFinalSusanaSerrano/src/RegistroPuestos.java</file>
            <file>file:/C:/Users/susan/OneDrive/Documentos/01_Universidad/06_Progra1/Proyecto/ProyectoFinalSusanaSerrano/src/Puestos.java</file>
            <file>file:/C:/Users/susan/OneDrive/Documentos/01_Universidad/06_Progra1/Proyecto/ProyectoFinalSusanaSerrano/src/LoginUser.java</file>
            <file>file:/C:/Users/susan/OneDrive/Documentos/01_Universidad/06_Progra1/Proyecto/ProyectoFinalSusanaSerrano/src/PantallaPrincipal.java</file>
            <file>file:/C:/Users/susan/OneDrive/Documentos/01_Universidad/06_Progra1/Proyecto/ProyectoFinalSusanaSerrano/src/Bienvenido.java</file>
            <file>file:/C:/Users/susan/OneDrive/Documentos/01_Universidad/06_Progra1/Proyecto/ProyectoFinalSusanaSerrano/src/Login.java</file>
            <file>file:/C:/Users/susan/OneDrive/Documentos/01_Universidad/06_Progra1/Proyecto/ProyectoFinalSusanaSerrano/src/RegistroUsuarios.java</file>
            <file>file:/C:/Users/susan/OneDrive/Documentos/01_Universidad/06_Progra1/Proyecto/ProyectoFinalSusanaSerrano/src/Bienvenida.java</file>
            <file>file:/C:/Users/susan/OneDrive/Documentos/01_Universidad/06_Progra1/Proyecto/ProyectoFinalSusanaSerrano/src/Empleados.java</file>
            <file>file:/C:/Users/susan/OneDrive/Documentos/01_Universidad/06_Progra1/Proyecto/ProyectoFinalSusanaSerrano/src/Usuarios.java</file>
            <file>file:/C:/Users/susan/OneDrive/Documentos/01_Universidad/06_Progra1/Proyecto/ProyectoFinalSusanaSerrano/src/RegistroPlanilla.java</file>
            <file>file:/C:/Users/susan/OneDrive/Documentos/01_Universidad/06_Progra1/Proyecto/ProyectoFinalSusanaSerrano/src/RegistroEmpleados.java</file>
            <file>file:/C:/Users/susan/OneDrive/Documentos/01_Universidad/06_Progra1/Proyecto/ProyectoFinalSusanaSerrano/src/Planilla.java</file>
        </group>
    </open-files>
</project-private>
